{"cameraMode":{"drawMode":0,"name":"Shaded","section":"Shading Mode"},"sceneLighting":true,"audioPlay":false,"sceneViewState":{"m_AlwaysRefresh":false,"showFog":true,"showSkybox":true,"showFlares":true,"showImageEffects":true,"showParticleSystems":true,"showVisualEffectGraphs":true,"m_FxEnabled":true},"in2DMode":false,"pivot":{"x":0.02222129888832569,"y":6.459372520446777,"z":-0.41886958479881289},"rotation":{"x":-0.009809387847781182,"y":-0.9976423978805542,"z":-0.00036468845792114735,"w":0.08599391579627991},"size":6.519082546234131,"orthographic":false}