{"cameraMode":{"drawMode":0,"name":"Shaded","section":"Shading Mode"},"sceneLighting":false,"audioPlay":false,"sceneViewState":{"m_AlwaysRefresh":false,"showFog":false,"showSkybox":false,"showFlares":false,"showImageEffects":false,"showParticleSystems":false,"showVisualEffectGraphs":true,"m_FxEnabled":true},"in2DMode":false,"pivot":{"x":0.021656036376953126,"y":2.0952744483947756,"z":0.25379040837287905},"rotation":{"x":-0.009585142135620118,"y":-1.0012751817703248,"z":-0.011729222722351551,"w":-0.0011287506204098464},"size":3.155332565307617,"orthographic":false}